Workbook

Sheet 통합관리
A1: 상품코드 | B1: 상품명 | C1: 카테고리 | D1: 스마트스토어_판매량 | E1: 스마트스토어_매출 | F1: 쿠팡_판매량 | G1: 쿠팡_매출 | H1: 카카오선물하기_판매량 | I1: 카카오선물하기_매출 | J1: 자사몰_판매량 | K1: 자사몰_매출 | L1: 전체_판매량합계 | M1: 전체_매출합계
A2: HH-BV-001 | B2: =IFERROR(VLOOKUP(A2,상품마스터!A:D,4,FALSE()),"") -> 콜드브루 블랙 6팩 | C2: =IFERROR(VLOOKUP(A2,상품마스터!A:C,3,FALSE()),"") -> 음료 | D2: =IFERROR(VLOOKUP(A2,스마트스토어!B:I,8,FALSE()),"") -> 254 | E2: =IFERROR(VLOOKUP(A2,스마트스토어!B:J,9,FALSE()),"") -> 3999738 | F2: =IFERROR(VLOOKUP(A2,쿠팡!B:J,9,FALSE()),"") -> 406 | G2: =IFERROR(VLOOKUP(A2,쿠팡!B:K,10,FALSE()),"") -> 5124532 | H2: =IFERROR(VLOOKUP(A2,카카오선물하기!B:I,8,FALSE()),"") | I2: =IFERROR(VLOOKUP(A2,카카오선물하기!B:J,9,FALSE()),"") | J2: =IFERROR(VLOOKUP(A2,자사몰!A:F,6,FALSE()),"") -> 150 | K2: =IFERROR(VLOOKUP(A2,자사몰!A:G,7,FALSE()),"") -> 2025000 | L2: =IFERROR(SUM(D2,F2,H2,J2),"") -> 810 | M2: =IFERROR(SUM(E2,G2,I2,K2),"") -> 11149270
A3: HH-BV-002 | B3: =IFERROR(VLOOKUP(A3,상품마스터!A:D,4,FALSE()),"") -> 콜드브루 라떼 6팩 | C3: =IFERROR(VLOOKUP(A3,상품마스터!A:C,3,FALSE()),"") -> 음료 | D3: =IFERROR(VLOOKUP(A3,스마트스토어!B:I,8,FALSE()),"") | E3: =IFERROR(VLOOKUP(A3,스마트스토어!B:J,9,FALSE()),"") | F3: =IFERROR(VLOOKUP(A3,쿠팡!B:J,9,FALSE()),"") -> 67 | G3: =IFERROR(VLOOKUP(A3,쿠팡!B:K,10,FALSE()),"") -> 942422 | H3: =IFERROR(VLOOKUP(A3,카카오선물하기!B:I,8,FALSE()),"") -> 17 | I3: =IFERROR(VLOOKUP(A3,카카오선물하기!B:J,9,FALSE()),"") -> 270708 | J3: =IFERROR(VLOOKUP(A3,자사몰!A:F,6,FALSE()),"") -> 65 | K3: =IFERROR(VLOOKUP(A3,자사몰!A:G,7,FALSE()),"") -> 988000 | L3: =IFERROR(SUM(D3,F3,H3,J3),"") -> 149 | M3: =IFERROR(SUM(E3,G3,I3,K3),"") -> 2201130
A4: HH-BV-003 | B4: =IFERROR(VLOOKUP(A4,상품마스터!A:D,4,FALSE()),"") -> 콤부차 레몬 6팩 | C4: =IFERROR(VLOOKUP(A4,상품마스터!A:C,3,FALSE()),"") -> 음료 | D4: =IFERROR(VLOOKUP(A4,스마트스토어!B:I,8,FALSE()),"") | E4: =IFERROR(VLOOKUP(A4,스마트스토어!B:J,9,FALSE()),"") | F4: =IFERROR(VLOOKUP(A4,쿠팡!B:J,9,FALSE()),"") -> 185 | G4: =IFERROR(VLOOKUP(A4,쿠팡!B:K,10,FALSE()),"") -> 3179595 | H4: =IFERROR(VLOOKUP(A4,카카오선물하기!B:I,8,FALSE()),"") | I4: =IFERROR(VLOOKUP(A4,카카오선물하기!B:J,9,FALSE()),"") | J4: =IFERROR(VLOOKUP(A4,자사몰!A:F,6,FALSE()),"") -> 99 | K4: =IFERROR(VLOOKUP(A4,자사몰!A:G,7,FALSE()),"") -> 1639440 | L4: =IFERROR(SUM(D4,F4,H4,J4),"") -> 284 | M4: =IFERROR(SUM(E4,G4,I4,K4),"") -> 4819035
A5: HH-BV-004 | B5: =IFERROR(VLOOKUP(A5,상품마스터!A:D,4,FALSE()),"") -> 콤부차 베리 6팩 | C5: =IFERROR(VLOOKUP(A5,상품마스터!A:C,3,FALSE()),"") -> 음료 | D5: =IFERROR(VLOOKUP(A5,스마트스토어!B:I,8,FALSE()),"") -> 391 | E5: =IFERROR(VLOOKUP(A5,스마트스토어!B:J,9,FALSE()),"") -> 6383466 | F5: =IFERROR(VLOOKUP(A5,쿠팡!B:J,9,FALSE()),"") -> 232 | G5: =IFERROR(VLOOKUP(A5,쿠팡!B:K,10,FALSE()),"") -> 4137024 | H5: =IFERROR(VLOOKUP(A5,카카오선물하기!B:I,8,FALSE()),"") | I5: =IFERROR(VLOOKUP(A5,카카오선물하기!B:J,9,FALSE()),"") | J5: =IFERROR(VLOOKUP(A5,자사몰!A:F,6,FALSE()),"") -> 82 | K5: =IFERROR(VLOOKUP(A5,자사몰!A:G,7,FALSE()),"") -> 1254600 | L5: =IFERROR(SUM(D5,F5,H5,J5),"") -> 705 | M5: =IFERROR(SUM(E5,G5,I5,K5),"") -> 11775090
A6: HH-BV-005 | B6: =IFERROR(VLOOKUP(A6,상품마스터!A:D,4,FALSE()),"") -> 콜드브루 블랙 12팩 | C6: =IFERROR(VLOOKUP(A6,상품마스터!A:C,3,FALSE()),"") -> 음료 | D6: =IFERROR(VLOOKUP(A6,스마트스토어!B:I,8,FALSE()),"") | E6: =IFERROR(VLOOKUP(A6,스마트스토어!B:J,9,FALSE()),"") | F6: =IFERROR(VLOOKUP(A6,쿠팡!B:J,9,FALSE()),"") | G6: =IFERROR(VLOOKUP(A6,쿠팡!B:K,10,FALSE()),"") | H6: =IFERROR(VLOOKUP(A6,카카오선물하기!B:I,8,FALSE()),"") -> 186 | I6: =IFERROR(VLOOKUP(A6,카카오선물하기!B:J,9,FALSE()),"") -> 5694762 | J6: =IFERROR(VLOOKUP(A6,자사몰!A:F,6,FALSE()),"") -> 140 | K6: =IFERROR(VLOOKUP(A6,자사몰!A:G,7,FALSE()),"") -> 3326400 | L6: =IFERROR(SUM(D6,F6,H6,J6),"") -> 326 | M6: =IFERROR(SUM(E6,G6,I6,K6),"") -> 9021162
A7: HH-BV-006 | B7: =IFERROR(VLOOKUP(A7,상품마스터!A:D,4,FALSE()),"") -> 콜드브루 라떼 12팩 | C7: =IFERROR(VLOOKUP(A7,상품마스터!A:C,3,FALSE()),"") -> 음료 | D7: =IFERROR(VLOOKUP(A7,스마트스토어!B:I,8,FALSE()),"") -> 271 | E7: =IFERROR(VLOOKUP(A7,스마트스토어!B:J,9,FALSE()),"") -> 7968755 | F7: =IFERROR(VLOOKUP(A7,쿠팡!B:J,9,FALSE()),"") -> 271 | G7: =IFERROR(VLOOKUP(A7,쿠팡!B:K,10,FALSE()),"") -> 6974998 | H7: =IFERROR(VLOOKUP(A7,카카오선물하기!B:I,8,FALSE()),"") -> 199 | I7: =IFERROR(VLOOKUP(A7,카카오선물하기!B:J,9,FALSE()),"") -> 5646227 | J7: =IFERROR(VLOOKUP(A7,자사몰!A:F,6,FALSE()),"") -> 129 | K7: =IFERROR(VLOOKUP(A7,자사몰!A:G,7,FALSE()),"") -> 3366900 | L7: =IFERROR(SUM(D7,F7,H7,J7),"") -> 870 | M7: =IFERROR(SUM(E7,G7,I7,K7),"") -> 23956880
A8: HH-BV-007 | B8: =IFERROR(VLOOKUP(A8,상품마스터!A:D,4,FALSE()),"") -> 콤부차 레몬 12팩 | C8: =IFERROR(VLOOKUP(A8,상품마스터!A:C,3,FALSE()),"") -> 음료 | D8: =IFERROR(VLOOKUP(A8,스마트스토어!B:I,8,FALSE()),"") -> 363 | E8: =IFERROR(VLOOKUP(A8,스마트스토어!B:J,9,FALSE()),"") -> 11869011 | F8: =IFERROR(VLOOKUP(A8,쿠팡!B:J,9,FALSE()),"") -> 98 | G8: =IFERROR(VLOOKUP(A8,쿠팡!B:K,10,FALSE()),"") -> 2869048 | H8: =IFERROR(VLOOKUP(A8,카카오선물하기!B:I,8,FALSE()),"") -> 67 | I8: =IFERROR(VLOOKUP(A8,카카오선물하기!B:J,9,FALSE()),"") -> 2161219 | J8: =IFERROR(VLOOKUP(A8,자사몰!A:F,6,FALSE()),"") -> 18 | K8: =IFERROR(VLOOKUP(A8,자사몰!A:G,7,FALSE()),"") -> 506880 | L8: =IFERROR(SUM(D8,F8,H8,J8),"") -> 546 | M8: =IFERROR(SUM(E8,G8,I8,K8),"") -> 17406158
A9: HH-BV-008 | B9: =IFERROR(VLOOKUP(A9,상품마스터!A:D,4,FALSE()),"") -> 콤부차 베리 12팩 | C9: =IFERROR(VLOOKUP(A9,상품마스터!A:C,3,FALSE()),"") -> 음료 | D9: =IFERROR(VLOOKUP(A9,스마트스토어!B:I,8,FALSE()),"") | E9: =IFERROR(VLOOKUP(A9,스마트스토어!B:J,9,FALSE()),"") | F9: =IFERROR(VLOOKUP(A9,쿠팡!B:J,9,FALSE()),"") -> 556 | G9: =IFERROR(VLOOKUP(A9,쿠팡!B:K,10,FALSE()),"") -> 17005260 | H9: =IFERROR(VLOOKUP(A9,카카오선물하기!B:I,8,FALSE()),"") | I9: =IFERROR(VLOOKUP(A9,카카오선물하기!B:J,9,FALSE()),"") | J9: =IFERROR(VLOOKUP(A9,자사몰!A:F,6,FALSE()),"") -> 52 | K9: =IFERROR(VLOOKUP(A9,자사몰!A:G,7,FALSE()),"") -> 1530880 | L9: =IFERROR(SUM(D9,F9,H9,J9),"") -> 608 | M9: =IFERROR(SUM(E9,G9,I9,K9),"") -> 18536140
A10: HH-BV-009 | B10: =IFERROR(VLOOKUP(A10,상품마스터!A:D,4,FALSE()),"") -> 오트밀크 190ml x 6 | C10: =IFERROR(VLOOKUP(A10,상품마스터!A:C,3,FALSE()),"") -> 음료 | D10: =IFERROR(VLOOKUP(A10,스마트스토어!B:I,8,FALSE()),"") -> 30 | E10: =IFERROR(VLOOKUP(A10,스마트스토어!B:J,9,FALSE()),"") -> 326880 | F10: =IFERROR(VLOOKUP(A10,쿠팡!B:J,9,FALSE()),"") -> 523 | G10: =IFERROR(VLOOKUP(A10,쿠팡!B:K,10,FALSE()),"") -> 6036989 | H10: =IFERROR(VLOOKUP(A10,카카오선물하기!B:I,8,FALSE()),"") | I10: =IFERROR(VLOOKUP(A10,카카오선물하기!B:J,9,FALSE()),"") | J10: =IFERROR(VLOOKUP(A10,자사몰!A:F,6,FALSE()),"") -> 142 | K10: =IFERROR(VLOOKUP(A10,자사몰!A:G,7,FALSE()),"") -> 1533600 | L10: =IFERROR(SUM(D10,F10,H10,J10),"") -> 695 | M10: =IFERROR(SUM(E10,G10,I10,K10),"") -> 7897469
A11: HH-BV-010 | B11: =IFERROR(VLOOKUP(A11,상품마스터!A:D,4,FALSE()),"") -> 오트밀크 190ml x 12 | C11: =IFERROR(VLOOKUP(A11,상품마스터!A:C,3,FALSE()),"") -> 음료 | D11: =IFERROR(VLOOKUP(A11,스마트스토어!B:I,8,FALSE()),"") -> 345 | E11: =IFERROR(VLOOKUP(A11,스마트스토어!B:J,9,FALSE()),"") -> 6603990 | F11: =IFERROR(VLOOKUP(A11,쿠팡!B:J,9,FALSE()),"") -> 308 | G11: =IFERROR(VLOOKUP(A11,쿠팡!B:K,10,FALSE()),"") -> 6519436 | H11: =IFERROR(VLOOKUP(A11,카카오선물하기!B:I,8,FALSE()),"") -> 35 | I11: =IFERROR(VLOOKUP(A11,카카오선물하기!B:J,9,FALSE()),"") -> 812630 | J11: =IFERROR(VLOOKUP(A11,자사몰!A:F,6,FALSE()),"") -> 62 | K11: =IFERROR(VLOOKUP(A11,자사몰!A:G,7,FALSE()),"") -> 1200320 | L11: =IFERROR(SUM(D11,F11,H11,J11),"") -> 750 | M11: =IFERROR(SUM(E11,G11,I11,K11),"") -> 15136376
A12: HH-BV-011 | B12: =IFERROR(VLOOKUP(A12,상품마스터!A:D,4,FALSE()),"") -> 프로틴워터 500ml x 6 | C12: =IFERROR(VLOOKUP(A12,상품마스터!A:C,3,FALSE()),"") -> 음료 | D12: =IFERROR(VLOOKUP(A12,스마트스토어!B:I,8,FALSE()),"") -> 250 | E12: =IFERROR(VLOOKUP(A12,스마트스토어!B:J,9,FALSE()),"") -> 3683500 | F12: =IFERROR(VLOOKUP(A12,쿠팡!B:J,9,FALSE()),"") -> 146 | G12: =IFERROR(VLOOKUP(A12,쿠팡!B:K,10,FALSE()),"") -> 1951582 | H12: =IFERROR(VLOOKUP(A12,카카오선물하기!B:I,8,FALSE()),"") | I12: =IFERROR(VLOOKUP(A12,카카오선물하기!B:J,9,FALSE()),"") | J12: =IFERROR(VLOOKUP(A12,자사몰!A:F,6,FALSE()),"") -> 84 | K12: =IFERROR(VLOOKUP(A12,자사몰!A:G,7,FALSE()),"") -> 1058400 | L12: =IFERROR(SUM(D12,F12,H12,J12),"") -> 480 | M12: =IFERROR(SUM(E12,G12,I12,K12),"") -> 6693482
A13: HH-BV-012 | B13: =IFERROR(VLOOKUP(A13,상품마스터!A:D,4,FALSE()),"") -> 프로틴워터 500ml x 12 | C13: =IFERROR(VLOOKUP(A13,상품마스터!A:C,3,FALSE()),"") -> 음료 | D13: =IFERROR(VLOOKUP(A13,스마트스토어!B:I,8,FALSE()),"") -> 205 | E13: =IFERROR(VLOOKUP(A13,스마트스토어!B:J,9,FALSE()),"") -> 5146525 | F13: =IFERROR(VLOOKUP(A13,쿠팡!B:J,9,FALSE()),"") -> 27 | G13: =IFERROR(VLOOKUP(A13,쿠팡!B:K,10,FALSE()),"") -> 627615 | H13: =IFERROR(VLOOKUP(A13,카카오선물하기!B:I,8,FALSE()),"") -> 115 | I13: =IFERROR(VLOOKUP(A13,카카오선물하기!B:J,9,FALSE()),"") -> 2986780 | J13: =IFERROR(VLOOKUP(A13,자사몰!A:F,6,FALSE()),"") -> 16 | K13: =IFERROR(VLOOKUP(A13,자사몰!A:G,7,FALSE()),"") -> 352000 | L13: =IFERROR(SUM(D13,F13,H13,J13),"") -> 363 | M13: =IFERROR(SUM(E13,G13,I13,K13),"") -> 9112920
... A109: HH-SM-014 | B109: =IFERROR(VLOOKUP(A109,상품마스터!A:D,4,FALSE()),"") -> 베리 스틱 30개입 | C109: =IFERROR(VLOOKUP(A109,상품마스터!A:C,3,FALSE()),"") -> 스무디 | D109: =IFERROR(VLOOKUP(A109,스마트스토어!B:I,8,FALSE()),"") | E109: =IFERROR(VLOOKUP(A109,스마트스토어!B:J,9,FALSE()),"") | F109: =IFERROR(VLOOKUP(A109,쿠팡!B:J,9,FALSE()),"") | G109: =IFERROR(VLOOKUP(A109,쿠팡!B:K,10,FALSE()),"") | H109: =IFERROR(VLOOKUP(A109,카카오선물하기!B:I,8,FALSE()),"") | I109: =IFERROR(VLOOKUP(A109,카카오선물하기!B:J,9,FALSE()),"") | J109: =IFERROR(VLOOKUP(A109,자사몰!A:F,6,FALSE()),"") -> 101 | K109: =IFERROR(VLOOKUP(A109,자사몰!A:G,7,FALSE()),"") -> 3623880 | L109: =IFERROR(SUM(D109,F109,H109,J109),"") -> 101 | M109: =IFERROR(SUM(E109,G109,I109,K109),"") -> 3623880
A110: 합계 | D110: =SUM(D2:D109) -> 20818 | E110: =SUM(E2:E109) -> 427344131 | F110: =SUM(F2:F109) -> 26182 | G110: =SUM(G2:G109) -> 524689604 | H110: =SUM(H2:H109) -> 5237 | I110: =SUM(I2:I109) -> 145175705 | J110: =SUM(J2:J109) -> 8884 | K110: =SUM(K2:K109) -> 158549687 | ... M110: =SUM(M2:M109) -> 1255759127

Sheet 전체현황
A1: [전체현황]
A3: 이 시트는 비어 있습니다.
A4: 나머지 탭(상품마스터, 재고현황, 스마트스토어, 쿠팡, 카카오선물하기, 자사몰)의
A5: 핵심 정보를 이 시트에 취합하여 한눈에 관리할 수 있도록 정리해주세요.

Sheet 상품마스터
A1: 상품코드 | B1: 브랜드 | C1: 카테고리 | D1: 상품명 | E1: 정가(원) | F1: 원가(원) | G1: 기본마진율 | H1: 출시일 | I1: 상태
A2: HH-GR-001 | B2: 건강한하루 | C2: 그래놀라 | D2: 오리지널 400g | E2: 8500 | F2: 4200 | G2: 0.506 | H2: 2024-06-07 | I2: 판매중
A3: HH-GR-002 | B3: 건강한하루 | C3: 그래놀라 | D3: 다크초코 400g | E3: 9200 | F3: 4800 | G3: 0.478 | H3: 2023-05-16 | I3: 단종예정
A4: HH-GR-003 | B4: 건강한하루 | C4: 그래놀라 | D4: 베리믹스 400g | E4: 9500 | F4: 5000 | G4: 0.474 | H4: 2023-03-18 | I4: 판매중
A5: HH-GR-004 | B5: 건강한하루 | C5: 그래놀라 | D5: 코코넛 400g | E5: 9000 | F5: 4500 | G5: 0.5 | H5: 2023-05-01 | I5: 판매중
A6: HH-GR-005 | B6: 건강한하루 | C6: 그래놀라 | D6: 말차 400g | E6: 9800 | F6: 5200 | G6: 0.469 | H6: 2024-03-26 | I6: 판매중
A7: HH-GR-006 | B7: 건강한하루 | C7: 그래놀라 | D7: 꿀귀리 400g | E7: 8800 | F7: 4400 | G7: 0.5 | H7: 2024-03-11 | I7: 판매중
A8: HH-GR-007 | B8: 건강한하루 | C8: 그래놀라 | D8: 트로피컬 400g | E8: 9300 | F8: 4700 | G8: 0.495 | H8: 2023-09-25 | I8: 판매중
A9: HH-GR-008 | B9: 건강한하루 | C9: 그래놀라 | D9: 팥앙금 400g | E9: 9500 | F9: 4900 | G9: 0.484 | H9: 2024-04-08 | I9: 판매중
A10: HH-GR-009 | B10: 건강한하루 | C10: 그래놀라 | D10: 흑임자 400g | E10: 10000 | F10: 5300 | G10: 0.47 | H10: 2023-04-23 | I10: 판매중
A11: HH-GR-010 | B11: 건강한하루 | C11: 그래놀라 | D11: 오리지널 1kg | E11: 18000 | F11: 8500 | G11: 0.528 | H11: 2024-10-23 | I11: 판매중
A12: HH-GR-011 | B12: 건강한하루 | C12: 그래놀라 | D12: 다크초코 1kg | E12: 19500 | F12: 9800 | G12: 0.497 | H12: 2023-12-24 | I12: 판매중
A13: HH-GR-012 | B13: 건강한하루 | C13: 그래놀라 | D13: 베리믹스 1kg | E13: 20000 | F13: 10000 | G13: 0.5 | H13: 2024-02-04 | I13: 판매중
... A109: HH-GF-012 | B109: 건강한하루 | C109: 선물세트 | D109: 커플 L세트 | E109: 55000 | F109: 24000 | G109: 0.564 | H109: 2023-10-27 | I109: 판매중

Sheet 재고현황
A1: 상품코드 | B1: 상품명 | C1: 카테고리 | D1: 본사창고 | E1: 외부창고A | F1: 외부창고B | G1: 총재고 | H1: 안전재고 | I1: 재고상태 | J1: 최근입고일
A2: HH-GR-001 | B2: 오리지널 400g | C2: 그래놀라 | D2: 443 | E2: 46 | F2: 52 | G2: 541 | H2: 150 | I2: 정상 | J2: 2025-03-24
A3: HH-GR-002 | B3: 다크초코 400g | C3: 그래놀라 | D3: 701 | E3: 218 | F3: 58 | G3: 977 | H3: 120 | I3: 정상 | J3: 2025-03-16
A4: HH-GR-003 | B4: 베리믹스 400g | C4: 그래놀라 | D4: 742 | E4: 126 | F4: 78 | G4: 946 | H4: 80 | I4: 정상 | J4: 2025-03-08
A5: HH-GR-004 | B5: 코코넛 400g | C5: 그래놀라 | D5: 792 | E5: 59 | F5: 85 | G5: 936 | H5: 100 | I5: 정상 | J5: 2025-03-20
A6: HH-GR-005 | B6: 말차 400g | C6: 그래놀라 | D6: 600 | E6: 254 | F6: 46 | G6: 900 | H6: 100 | I6: 정상 | J6: 2025-03-16
A7: HH-GR-006 | B7: 꿀귀리 400g | C7: 그래놀라 | D7: 428 | E7: 77 | F7: 47 | G7: 552 | H7: 30 | I7: 정상 | J7: 2025-03-27
A8: HH-GR-007 | B8: 트로피컬 400g | C8: 그래놀라 | D8: 46 | E8: 25 | F8: 43 | G8: 114 | H8: 30 | I8: 정상 | J8: 2025-03-12
A9: HH-GR-008 | B9: 팥앙금 400g | C9: 그래놀라 | D9: 512 | E9: 130 | F9: 143 | G9: 785 | H9: 100 | I9: 정상 | J9: 2025-03-17
A10: HH-GR-009 | B10: 흑임자 400g | C10: 그래놀라 | D10: 103 | E10: 143 | F10: 108 | G10: 354 | H10: 200 | I10: 정상 | J10: 2025-03-18
A11: HH-GR-010 | B11: 오리지널 1kg | C11: 그래놀라 | D11: 108 | E11: 239 | F11: 9 | G11: 356 | H11: 50 | I11: 정상 | J11: 2025-03-12
A12: HH-GR-011 | B12: 다크초코 1kg | C12: 그래놀라 | D12: 482 | E12: 93 | F12: 26 | G12: 601 | H12: 200 | I12: 정상 | J12: 2025-03-06
A13: HH-GR-012 | B13: 베리믹스 1kg | C13: 그래놀라 | D13: 582 | E13: 137 | F13: 75 | G13: 794 | H13: 30 | I13: 정상 | J13: 2025-03-23
... A109: HH-GF-012 | B109: 커플 L세트 | C109: 선물세트 | D109: 547 | E109: 162 | F109: 5 | G109: 714 | H109: 30 | I109: 정상 | J109: 2025-03-25

Sheet 스마트스토어
A1: 채널상품번호 | B1: 상품코드 | C1: 등록상품명 | D1: 판매가 | E1: 할인율 | F1: 할인가 | G1: 수수료율 | H1: 정산가 | I1: 3월판매량 | J1: 3월매출 | K1: 리뷰수 | L1: 평점 | M1: 등록일
A2: NV49729772 | B2: HH-GR-001 | C2: [건강한하루] 오리지널 400g / 무료배송 | D2: 8909 | E2: 0 | F2: 8909 | G2: 0.055 | H2: 8419 | I2: 332 | J2: 2957788 | K2: 173 | L2: 4.9 | M2: 2023-11-10
A3: NV17507749 | B3: HH-GR-002 | C3: [건강한하루] 다크초코 400g / 무료배송 | D3: 9868 | E3: 0 | F3: 9868 | G3: 0.055 | H3: 9325 | I3: 305 | J3: 3009740 | K3: 236 | L3: 4.3 | M3: 2023-02-23
A4: NV31704642 | B4: HH-GR-003 | C4: [건강한하루] 베리믹스 400g / 무료배송 | D4: 10166 | E4: 0 | F4: 10166 | G4: 0.055 | H4: 9606 | I4: 379 | J4: 3852914 | K4: 337 | L4: 4.3 | M4: 2024-06-09
A5: NV40214166 | B5: HH-GR-004 | C5: [건강한하루] 코코넛 400g / 무료배송 | D5: 9634 | E5: 0 | F5: 9634 | G5: 0.055 | H5: 9104 | I5: 109 | J5: 1050106 | K5: 128 | L5: 4.8 | M5: 2024-06-28
A6: NV40121769 | B6: HH-GR-005 | C6: [건강한하루] 말차 400g / 무료배송 | D6: 10301 | E6: 0 | F6: 10301 | G6: 0.055 | H6: 9734 | I6: 371 | J6: 3821671 | K6: 130 | L6: 4.1 | M6: 2023-04-05
A7: NV85334643 | B7: HH-GR-006 | C7: [건강한하루] 꿀귀리 400g / 무료배송 | D7: 8839 | E7: 0 | F7: 8839 | G7: 0.055 | H7: 8352 | I7: 358 | J7: 3164362 | K7: 206 | L7: 4.7 | M7: 2023-09-09
A8: NV57822552 | B8: HH-GR-007 | C8: [건강한하루] 트로피컬 400g / 무료배송 | D8: 9782 | E8: 0 | F8: 9782 | G8: 0.055 | H8: 9243 | I8: 419 | J8: 4098658 | K8: 344 | L8: 4.5 | M8: 2023-02-10
A9: NV69128223 | B9: HH-GR-008 | C9: [건강한하루] 팥앙금 400g / 무료배송 | D9: 10245 | E9: 0 | F9: 10245 | G9: 0.055 | H9: 9681 | I9: 148 | J9: 1516260 | K9: 102 | L9: 4.8 | M9: 2024-05-14
A10: NV97804467 | B10: HH-GR-009 | C10: [건강한하루] 흑임자 400g / 무료배송 | D10: 10529 | E10: 0.1 | F10: 9476 | G10: 0.055 | H10: 8954 | I10: 37 | J10: 350612 | K10: 263 | L10: 4.1 | M10: 2023-12-16
A11: NV13182792 | B11: HH-GR-010 | C11: [건강한하루] 오리지널 1kg / 무료배송 | D11: 18670 | E11: 0 | F11: 18670 | G11: 0.055 | H11: 17643 | I11: 31 | J11: 578770 | K11: 60 | L11: 4.8 | M11: 2024-09-21
A12: NV16110989 | B12: HH-GR-011 | C12: [건강한하루] 다크초코 1kg / 무료배송 | D12: 19745 | E12: 0.05 | F12: 18757 | G12: 0.055 | H12: 17725 | I12: 259 | J12: 4858063 | K12: 18 | L12: 4.2 | M12: 2024-04-09
A13: NV60492949 | B13: HH-GR-012 | C13: [건강한하루] 베리믹스 1kg / 무료배송 | D13: 20725 | E13: 0 | F13: 20725 | G13: 0.055 | H13: 19585 | I13: 435 | J13: 9015375 | K13: 66 | L13: 4.2 | M13: 2023-02-11
... A94: NV47772916 | B94: HH-GF-012 | C94: [건강한하루] 커플 L세트 / 무료배송 | D94: 56411 | E94: 0.05 | F94: 53590 | G94: 0.055 | H94: 50642 | I94: 448 | J94: 24008320 | K94: 99 | L94: 4.8 | M94: 2023-08-13

Sheet 쿠팡
A1: 노출ID | B1: 상품코드 | C1: 등록상품명 | D1: 판매가 | E1: 로켓배송 | F1: 할인율 | G1: 할인가 | H1: 수수료율 | I1: 정산가 | J1: 3월판매량 | K1: 3월매출 | L1: 리뷰수 | M1: 평점
A2: CP568045560 | B2: HH-GR-002 | C2: 건강한하루 다크초코 400g [공식판매처] | D2: 9114 | E2: N | F2: 0.05 | G2: 8658 | H2: 0.065 | I2: 8095 | J2: 103 | K2: 891774 | L2: 9 | M2: 4.6
A3: CP332891135 | B3: HH-GR-004 | C3: 건강한하루 코코넛 400g [공식판매처] | D3: 8910 | E3: Y | F3: 0.15 | G3: 7573 | H3: 0.108 | I3: 6755 | J3: 426 | K3: 3226098 | L3: 138 | M3: 4.6
A4: CP564296971 | B4: HH-GR-005 | C4: 건강한하루 말차 400g [공식판매처] | D4: 10100 | E4: Y | F4: 0.05 | G4: 9595 | H4: 0.108 | I4: 8558 | J4: 110 | K4: 1055450 | L4: 23 | M4: 4.2
A5: CP759588732 | B5: HH-GR-006 | C5: 건강한하루 꿀귀리 400g [공식판매처] | D5: 9044 | E5: N | F5: 0.05 | G5: 8591 | H5: 0.065 | I5: 8032 | J5: 132 | K5: 1134012 | L5: 152 | M5: 4.8
A6: CP997173125 | B6: HH-GR-007 | C6: 건강한하루 트로피컬 400g [공식판매처] | D6: 9454 | E6: N | F6: 0 | G6: 9454 | H6: 0.065 | I6: 8839 | J6: 17 | K6: 160718 | L6: 306 | M6: 4.5
A7: CP122744671 | B7: HH-GR-008 | C7: 건강한하루 팥앙금 400g [공식판매처] | D7: 9648 | E7: Y | F7: 0.05 | G7: 9165 | H7: 0.108 | I7: 8175 | J7: 559 | K7: 5123235 | L7: 367 | M7: 4.1
A8: CP565517825 | B8: HH-GR-009 | C8: 건강한하루 흑임자 400g [공식판매처] | D8: 9913 | E8: N | F8: 0.05 | G8: 9417 | H8: 0.065 | I8: 8804 | J8: 193 | K8: 1817481 | L8: 140 | M8: 4.4
A9: CP651938004 | B9: HH-GR-010 | C9: 건강한하루 오리지널 1kg [공식판매처] | D9: 18684 | E9: Y | F9: 0.05 | G9: 17749 | H9: 0.108 | I9: 15832 | J9: 119 | K9: 2112131 | L9: 164 | M9: 4.4
A10: CP750401482 | B10: HH-GR-011 | C10: 건강한하루 다크초코 1kg [공식판매처] | D10: 20201 | E10: Y | F10: 0 | G10: 20201 | H10: 0.108 | I10: 18019 | J10: 443 | K10: 8949043 | L10: 459 | M10: 4.5
A11: CP130597632 | B11: HH-GR-012 | C11: 건강한하루 베리믹스 1kg [공식판매처] | D11: 20450 | E11: Y | F11: 0.05 | G11: 19427 | H11: 0.108 | I11: 17328 | J11: 317 | K11: 6158359 | L11: 335 | M11: 4.3
A12: CP894984461 | B12: HH-GR-013 | C12: 건강한하루 미니팩 30g x 10 [공식판매처] | D12: 12237 | E12: N | F12: 0.05 | G12: 11625 | H12: 0.065 | I12: 10869 | J12: 113 | K12: 1313625 | L12: 287 | M12: 4.8
A13: CP699369939 | B13: HH-GR-014 | C13: 건강한하루 미니팩 30g x 20 [공식판매처] | D13: 22678 | E13: Y | F13: 0.05 | G13: 21544 | H13: 0.108 | I13: 19217 | J13: 545 | K13: 11741480 | L13: 105 | M13: 4.4
... A97: CP605793053 | B97: HH-GF-012 | C97: 건강한하루 커플 L세트 [공식판매처] | D97: 55267 | E97: N | F97: 0.05 | G97: 52503 | H97: 0.065 | I97: 49090 | J97: 216 | K97: 11340648 | L97: 388 | M97: 4.6

Sheet 카카오선물하기
A1: 딜번호 | B1: 상품코드 | C1: 등록상품명 | D1: 판매가 | E1: 할인율 | F1: 할인가 | G1: 수수료율 | H1: 정산가 | I1: 3월판매량 | J1: 3월매출 | K1: 선물비율
A2: KK-154432 | B2: HH-JS-001 | C2: [선물추천] 건강한하루 무화과잼 250g | D2: 13103 | E2: 0.1 | F2: 11792 | G2: 0.2 | H2: 9433 | I2: 119 | J2: 1403248 | K2: 0.8
A3: KK-830847 | B3: HH-JS-002 | C3: [선물추천] 건강한하루 블루베리잼 250g | D3: 11731 | E3: 0 | F3: 11731 | G3: 0.2 | H3: 9384 | I3: 163 | J3: 1912153 | K3: 0.89
A4: KK-857798 | B4: HH-JS-003 | C4: [선물추천] 건강한하루 딸기잼 250g | D4: 10965 | E4: 0 | F4: 10965 | G4: 0.2 | H4: 8772 | I4: 217 | J4: 2379405 | K4: 0.88
A5: KK-886279 | B5: HH-JS-004 | C5: [선물추천] 건강한하루 살구잼 250g | D5: 12920 | E5: 0 | F5: 12920 | G5: 0.2 | H5: 10336 | I5: 185 | J5: 2390200 | K5: 0.69
A6: KK-568667 | B6: HH-JS-005 | C6: [선물추천] 건강한하루 아몬드버터 200g | D6: 15350 | E6: 0.1 | F6: 13815 | G6: 0.2 | H6: 11052 | I6: 126 | J6: 1740690 | K6: 0.91
A7: KK-685131 | B7: HH-JS-006 | C7: [선물추천] 건강한하루 캐슈넛버터 200g | D7: 16274 | E7: 0 | F7: 16274 | G7: 0.2 | H7: 13019 | I7: 191 | J7: 3108334 | K7: 0.74
A8: KK-870680 | B8: HH-JS-007 | C8: [선물추천] 건강한하루 피넛버터 200g | D8: 12250 | E8: 0 | F8: 12250 | G8: 0.2 | H8: 9800 | I8: 76 | J8: 931000 | K8: 0.87
A9: KK-742411 | B9: HH-JS-008 | C9: [선물추천] 건강한하루 헤이즐넛버터 200g | D9: 17986 | E9: 0 | F9: 17986 | G9: 0.2 | H9: 14388 | I9: 193 | J9: 3471298 | K9: 0.88
A10: KK-931636 | B10: HH-JS-009 | C10: [선물추천] 건강한하루 무화과잼 500g | D10: 21065 | E10: 0.1 | F10: 18958 | G10: 0.2 | H10: 15166 | I10: 49 | J10: 928942 | K10: 0.86
A11: KK-577994 | B11: HH-JS-010 | C11: [선물추천] 건강한하루 블루베리잼 500g | D11: 19389 | E11: 0 | F11: 19389 | G11: 0.2 | H11: 15511 | I11: 115 | J11: 2229735 | K11: 0.6
A12: KK-266505 | B12: HH-JS-011 | C12: [선물추천] 건강한하루 딸기잼 500g | D12: 17854 | E12: 0.05 | F12: 16961 | G12: 0.2 | H12: 13568 | I12: 93 | J12: 1577373 | K12: 0.85
A13: KK-844095 | B13: HH-JS-012 | C13: [선물추천] 건강한하루 아몬드버터 500g | D13: 26306 | E13: 0 | F13: 26306 | G13: 0.2 | H13: 21044 | I13: 105 | J13: 2762130 | K13: 0.8
... A45: KK-538365 | B45: HH-GF-012 | C45: [선물추천] 건강한하루 커플 L세트 | D45: 58899 | E45: 0 | F45: 58899 | G45: 0.2 | H45: 47119 | I45: 120 | J45: 7067880 | K45: 0.7

Sheet 자사몰
A1: 상품코드 | B1: 등록상품명 | C1: 판매가 | D1: 회원할인율 | E1: 할인가 | F1: 3월판매량 | G1: 3월매출 | H1: 반품수 | I1: 반품률 | J1: 리뷰수 | K1: 평점
A2: HH-GR-001 | B2: 건강한하루 오리지널 400g | C2: 8500 | D2: 0.15 | E2: 7225 | F2: 26 | G2: 187850 | H2: 0 | I2: 0 | J2: 45 | K2: 4.6
A3: HH-GR-002 | B3: 건강한하루 다크초코 400g | C3: 9200 | D3: 0.05 | E3: 8740 | F3: 118 | G3: 1031320 | H3: 2 | I3: 0.017 | J3: 39 | K3: 5
A4: HH-GR-003 | B4: 건강한하루 베리믹스 400g | C4: 9500 | D4: 0.15 | E4: 8075 | F4: 25 | G4: 201875 | H4: 1 | I4: 0.04 | J4: 25 | K4: 4.8
A5: HH-GR-004 | B5: 건강한하루 코코넛 400g | C5: 9000 | D5: 0.1 | E5: 8100 | F5: 105 | G5: 850500 | H5: 2 | I5: 0.019 | J5: 38 | K5: 4.3
A6: HH-GR-005 | B6: 건강한하루 말차 400g | C6: 9800 | D6: 0.12 | E6: 8624 | F6: 12 | G6: 103488 | H6: 0 | I6: 0 | J6: 30 | K6: 4.5
A7: HH-GR-006 | B7: 건강한하루 꿀귀리 400g | C7: 8800 | D7: 0.12 | E7: 7744 | F7: 103 | G7: 797632 | H7: 0 | I7: 0 | J7: 59 | K7: 4.6
A8: HH-GR-007 | B8: 건강한하루 트로피컬 400g | C8: 9300 | D8: 0.12 | E8: 8184 | F8: 117 | G8: 957528 | H8: 2 | I8: 0.017 | J8: 6 | K8: 4.7
A9: HH-GR-008 | B9: 건강한하루 팥앙금 400g | C9: 9500 | D9: 0.12 | E9: 8360 | F9: 57 | G9: 476520 | H9: 0 | I9: 0 | J9: 42 | K9: 4.9
A10: HH-GR-009 | B10: 건강한하루 흑임자 400g | C10: 10000 | D10: 0.1 | E10: 9000 | F10: 65 | G10: 585000 | H10: 3 | I10: 0.046 | J10: 15 | K10: 4.3
A11: HH-GR-010 | B11: 건강한하루 오리지널 1kg | C11: 18000 | D11: 0.1 | E11: 16200 | F11: 78 | G11: 1263600 | H11: 1 | I11: 0.013 | J11: 41 | K11: 4.8
A12: HH-GR-011 | B12: 건강한하루 다크초코 1kg | C12: 19500 | D12: 0.12 | E12: 17160 | F12: 80 | G12: 1372800 | H12: 1 | I12: 0.013 | J12: 68 | K12: 4.7
A13: HH-GR-012 | B13: 건강한하루 베리믹스 1kg | C13: 20000 | D13: 0.12 | E13: 17600 | F13: 31 | G13: 545600 | H13: 0 | I13: 0 | J13: 56 | K13: 4.6
... A109: HH-GF-012 | B109: 건강한하루 커플 L세트 | C109: 55000 | D109: 0.05 | E109: 52250 | F109: 8 | G109: 418000 | H109: 1 | I109: 0.125 | J109: 24 | K109: 5
